book_code,author_code,author_type,certain
bk0000424,au0001383,Primary,
bk0000601,au0000605,Primary,
bk0001023,au0000036,Primary,
bk0001023,au0000036,Primary,
bk0001023,au0000809,Secondary,
bk0001023,au0000809,Secondary,
bk0001138,au0000182,Primary,
bk0001138,au0001293,Translator,
bk0001148,au0000203,Primary,
bk0001200,au0000271,Primary,
bk0001209,au0000278,Primary,
bk0001209,au0000868,Secondary,
bk0001299,au0000383,Primary,
bk0001529,au0000614,Primary,
bk0001531,au0000614,Primary,
bk0001589,au0000668,Primary,
bk0001816,au0000922,Primary,
bk0001936,au0000508,Primary,
bk0003891,au0000553,Primary,
bk0004372,au0000327,Primary,
bk0004411,au0001490,Primary,
bk0004485,au0001456,Primary,
bk0005082,au0001664,Primary,
bk0005083,au0001664,Primary,
bk0005118,au0000377,Primary,
bk0005119,au0000377,Primary,
bk0005119,au0002304,Translator,
bk0005214,au0001078,Editor,
bk0005214,au0000322,Primary,
bk0005214,au0010199,Secondary,
bk0010000,au0000027,Primary,
bk0010001,au0000027,Primary,
bk0010002,au0000027,Primary,
bk0010003,au0000027,Primary,
bk0010004,au0000056,Primary,
bk0010005,au0000056,Primary,
bk0010006,au0000056,Primary,
bk0010007,au0000056,Primary,
bk0010008,au0000756,Primary,
bk0010009,au0000756,Primary,
bk0010010,au0000756,Primary,
bk0010011,au0000756,Primary,
bk0010012,au0000756,Primary,
bk0010013,au0000352,Primary,
bk0010013,au0002272,Translator,
bk0010014,au0000352,Primary,
bk0010014,au0002272,Translator,
bk0010015,au0000352,Primary,
bk0010015,au0002272,Translator,
bk0010016,au0000352,Primary,
bk0010016,au0002272,Translator,
bk0010017,au0000508,Primary,
bk0010018,au0000508,Primary,
bk0010019,au0000508,Primary,
bk0010020,au0000872,Primary,
bk0010021,au0000872,Primary,
bk0010022,au0000872,Primary,
bk0010023,au0000872,Primary,
bk0010024,au0000128,Primary,
bk0010025,au0000128,Primary,
bk0010026,au0000758,Primary,
bk0010026,au0000730,Translator,
bk0010027,au0000020,Primary,
bk0010028,au0000203,Primary,
bk0010029,au0000203,Primary,
bk0010030,au0000203,Primary,
bk0010031,au0000203,Primary,
bk0010032,au0000203,Primary,
bk0010033,au0000203,Primary,
bk0010034,au0000203,Primary,
bk0010035,au0000203,Primary,
bk0010036,au0000203,Primary,
bk0010037,au0001151,Primary,
bk0010038,au0001151,Primary,
bk0010039,au0001151,Primary,
bk0010040,au0000108,Primary,
bk0010041,au0000108,Primary,
bk0010042,au0000108,Primary,
bk0010043,au0000108,Primary,
bk0010043,au0010202,Secondary,
bk0010044,au0000108,Primary,
bk0010045,au0000108,Primary,
bk0010046,au0000108,Primary,
bk0010047,au0000730,Primary,
bk0010048,au0000730,Primary,
bk0010049,au0000329,Primary,
bk0010050,au0000329,Primary,
bk0010051,au0000329,Primary,
bk0010052,au0000329,Primary,
bk0010053,au0000329,Primary,
bk0010054,au0000948,Primary,
bk0010055,au0000948,Primary,
bk0010056,au0000948,Primary,
bk0010057,au0000725,Primary,
bk0010058,au0000958,Primary,
bk0010059,au0000958,Primary,
bk0010060,au0000958,Primary,
bk0010061,au0001383,Primary,
bk0010062,au0001383,Primary,
bk0010063,au0000754,Primary,
bk0010064,au0000754,Primary,
bk0010065,au0000754,Primary,
bk0010066,au0000754,Primary,
bk0010067,au0000754,Primary,
bk0010068,au0000754,Primary,
bk0010069,au0000754,Primary,
bk0010070,au0000758,Primary,
bk0010070,au0000730,Translator,
bk0010071,au0000758,Primary,
bk0010071,au0000730,Translator,
bk0010072,au0000758,Primary,
bk0010072,au0000730,Translator,
bk0010073,au0000523,Primary,
bk0010074,au0000523,Primary,
bk0010075,au0000931,Primary,
bk0010076,au0000931,Primary,
bk0010077,au0000931,Primary,
bk0010078,au0000931,Primary,
bk0010079,au0000931,Primary,
bk0010080,au0000931,Primary,
bk0010081,au0000931,Primary,
bk0010082,au0000931,Primary,
bk0010083,au0000931,Primary,
bk0010084,au0000931,Primary,
bk0010085,au0000931,Primary,
bk0010086,au0000931,Primary,
bk0010087,au0000182,Primary,
bk0010088,au0000298,Primary,
bk0010089,au0000318,Primary,
bk0010089,au0000471,Translator,
bk0010090,au0000914,Primary,
bk0010091,au0000914,Primary,
bk0010092,au0000914,Primary,
bk0010093,au0000914,Primary,
bk0010094,au0000931,Primary,
bk0010095,au0000931,Primary,
bk0010096,au0000931,Primary,
bk0010097,au0000352,Primary,
bk0010098,au0000428,Primary,
bk0010099,au0000428,Primary,
bk0010100,au0000428,Primary,
bk0010101,au0010224,Editor,
bk0010101,au0000428,Primary,
bk0010102,au0000783,Primary,
bk0010103,au0001272,Primary,
bk0010104,au0001060,Primary,
bk0010105,au0001060,Primary,
bk0010106,au0001060,Primary,
bk0010107,au0001060,Primary,
bk0010108,au0001060,Primary,
bk0010109,au0001060,Primary,
bk0010110,au0001060,Primary,
bk0010111,au0001060,Primary,
bk0010112,au0001060,Primary,
bk0010113,au0001060,Primary,
bk0010113,au0010190,Secondary,
bk0010113,au0010096,Secondary,
bk0010113,au0010198,Secondary,
bk0010114,au0001060,Primary,
bk0010114,au0010190,Secondary,
bk0010114,au0010096,Secondary,
bk0010114,au0010198,Secondary,
bk0010115,au0001060,Primary,
bk0010115,au0010190,Secondary,
bk0010115,au0010096,Secondary,
bk0010115,au0010198,Secondary,
bk0010116,au0001060,Primary,
bk0010116,au0010190,Secondary,
bk0010116,au0010096,Secondary,
bk0010116,au0010198,Secondary,
bk0010117,au0001060,Primary,
bk0010117,au0010190,Secondary,
bk0010117,au0010096,Secondary,
bk0010117,au0010198,Secondary,
bk0010118,au0001060,Primary,
bk0010118,au0010190,Secondary,
bk0010118,au0010096,Secondary,
bk0010118,au0010198,Secondary,
bk0010119,au0001060,Primary,
bk0010119,au0010190,Secondary,
bk0010119,au0010096,Secondary,
bk0010119,au0010198,Secondary,
bk0010120,au0001060,Primary,
bk0010120,au0010190,Secondary,
bk0010120,au0010096,Secondary,
bk0010120,au0010198,Secondary,
bk0010121,au0001060,Primary,
bk0010121,au0010190,Secondary,
bk0010121,au0010096,Secondary,
bk0010121,au0010198,Secondary,
bk0010122,au0001060,Primary,
bk0010122,au0010190,Secondary,
bk0010122,au0010096,Secondary,
bk0010122,au0010198,Secondary,
bk0010123,au0001060,Primary,
bk0010123,au0010190,Secondary,
bk0010123,au0010096,Secondary,
bk0010123,au0010198,Secondary,
bk0010124,au0001060,Primary,
bk0010124,au0010190,Secondary,
bk0010124,au0010096,Secondary,
bk0010124,au0010198,Secondary,
bk0010125,au0001060,Primary,
bk0010125,au0010190,Secondary,
bk0010125,au0010096,Secondary,
bk0010125,au0010198,Secondary,
bk0010126,au0001060,Primary,
bk0010126,au0010190,Secondary,
bk0010126,au0010096,Secondary,
bk0010126,au0010198,Secondary,
bk0010127,au0001060,Primary,
bk0010127,au0010190,Secondary,
bk0010127,au0010096,Secondary,
bk0010127,au0010198,Secondary,
bk0010128,au0001060,Primary,
bk0010128,au0010190,Secondary,
bk0010128,au0010096,Secondary,
bk0010128,au0010198,Secondary,
bk0010129,au0001060,Primary,
bk0010129,au0010190,Secondary,
bk0010129,au0010096,Secondary,
bk0010129,au0010198,Secondary,
bk0010130,au0001060,Primary,
bk0010130,au0010190,Secondary,
bk0010130,au0010096,Secondary,
bk0010130,au0010198,Secondary,
bk0010131,au0001060,Primary,
bk0010131,au0010190,Secondary,
bk0010131,au0010096,Secondary,
bk0010131,au0010198,Secondary,
bk0010132,au0001060,Primary,
bk0010132,au0010190,Secondary,
bk0010132,au0010096,Secondary,
bk0010132,au0010198,Secondary,
bk0010133,au0001060,Primary,
bk0010133,au0010190,Secondary,
bk0010133,au0010096,Secondary,
bk0010133,au0010198,Secondary,
bk0010134,au0001060,Primary,
bk0010134,au0010190,Secondary,
bk0010134,au0010096,Secondary,
bk0010134,au0010198,Secondary,
bk0010135,au0001060,Primary,
bk0010135,au0010190,Secondary,
bk0010135,au0010096,Secondary,
bk0010135,au0010198,Secondary,
bk0010136,au0001060,Primary,
bk0010136,au0010190,Secondary,
bk0010136,au0010096,Secondary,
bk0010136,au0010198,Secondary,
bk0010137,au0001060,Primary,
bk0010137,au0010190,Secondary,
bk0010137,au0010096,Secondary,
bk0010137,au0010198,Secondary,
bk0010138,au0001060,Primary,
bk0010138,au0010190,Secondary,
bk0010138,au0010096,Secondary,
bk0010138,au0010198,Secondary,
bk0010139,au0001060,Primary,
bk0010139,au0010190,Secondary,
bk0010139,au0010096,Secondary,
bk0010139,au0010198,Secondary,
bk0010140,au0001060,Primary,
bk0010140,au0010190,Secondary,
bk0010140,au0010096,Secondary,
bk0010140,au0010198,Secondary,
bk0010141,au0001060,Primary,
bk0010141,au0010190,Secondary,
bk0010141,au0010096,Secondary,
bk0010141,au0010198,Secondary,
bk0010142,au0001060,Primary,
bk0010142,au0010190,Secondary,
bk0010142,au0010096,Secondary,
bk0010142,au0010198,Secondary,
bk0010143,au0001060,Primary,
bk0010143,au0010190,Secondary,
bk0010143,au0010096,Secondary,
bk0010143,au0010198,Secondary,
bk0010144,au0001060,Primary,
bk0010144,au0010190,Secondary,
bk0010144,au0010096,Secondary,
bk0010144,au0010198,Secondary,
bk0010145,au0001060,Primary,
bk0010145,au0010206,Translator,
bk0010146,au0001060,Primary,
bk0010146,au0010206,Translator,
bk0010146,au0010198,Translator,
bk0010147,au0001060,Primary,
bk0010147,au0010206,Translator,
bk0010148,au0001060,Primary,
bk0010148,au0010206,Translator,
bk0010149,au0001060,Primary,
bk0010149,au0010211,Secondary,
bk0010150,au0001060,Primary,
bk0010150,au0001853,Secondary,
bk0010151,au0001682,Primary,
bk0010152,au0000922,Primary,
bk0010153,au0000922,Primary,
bk0010154,au0000922,Primary,
bk0010155,au0001103,Primary,
bk0010156,au0001103,Primary,
bk0010157,au0001103,Primary,
bk0010157,au0010208,Translator,
bk0010157,au0000611,Translator,
bk0010158,au0001103,Primary,
bk0010158,au0000611,Translator,
bk0010159,au0001103,Primary,
bk0010159,au0000611,Translator,
bk0010160,au0001103,Primary,
bk0010160,au0010208,Translator,
bk0010160,au0000611,Translator,
bk0010161,au0001103,Primary,
bk0010161,au0010208,Translator,
bk0010162,au0001103,Primary,
bk0010162,au0010208,Translator,
bk0010163,au0001103,Primary,
bk0010163,au0000611,Translator,
bk0010164,au0001103,Primary,
bk0010164,au0010208,Translator,
bk0010164,au0000611,Translator,
bk0010165,au0002051,Primary,
bk0010166,au0002051,Primary,
bk0010167,au0000377,Primary,
bk0010168,au0000377,Primary,
bk0010168,au0002304,Translator,
bk0010169,au0002063,Primary,
bk0010169,au0000241,Primary,
bk0010170,au0000859,Primary,
bk0010171,au0000859,Primary,
bk0010172,au0000552,Primary,
bk0010173,au0000062,Primary,
bk0010174,au0001999,Primary,
bk0010176,au0000982,Primary,
bk0010177,au0010214,Translator,
bk0010177,,,
bk0010178,au0010214,Translator,
bk0010178,,,
bk0010179,au0010214,Translator,
bk0010179,,,
bk0010180,au0001183,Translator,
bk0010180,,,
bk0010181,au0001183,Translator,
bk0010181,,,
bk0010182,au0001183,Translator,
bk0010182,,,
bk0010183,au0001183,Translator,
bk0010183,,,
bk0010184,au0001183,Translator,
bk0010184,,,
bk0010185,,,
bk0010186,au0001806,Primary,
bk0010187,au0000002,Primary,
bk0010188,au0000002,Primary,
bk0010189,au0000002,Primary,
bk0010190,au0000002,Primary,
bk0010191,au0000002,Primary,
bk0010192,au0000002,Primary,
bk0010193,au0000002,Primary,
bk0010193,au0010178,Secondary,
bk0010194,au0000002,Primary,
bk0010194,au0010178,Secondary,
bk0010195,au0000002,Primary,
bk0010195,au0010178,Secondary,
bk0010196,au0000002,Primary,
bk0010196,au0010178,Secondary,
bk0010197,au0000002,Primary,
bk0010197,au0010178,Secondary,
bk0010198,au0000002,Primary,
bk0010198,au0010178,Secondary,
bk0010199,au0000002,Primary,
bk0010199,au0010178,Secondary,
bk0010200,au0000002,Primary,
bk0010200,au0010178,Secondary,
bk0010201,au0000084,Primary,
bk0010202,au0001272,Primary,
bk0010202,au0001273,Translator,
bk0010203,au0000263,Primary,
bk0010204,au0000383,Primary,
bk0010205,au0000383,Primary,
bk0010206,au0000383,Primary,
bk0010207,au0000383,Primary,
bk0010208,au0000383,Primary,
bk0010209,au0000383,Primary,
bk0010210,au0000741,Primary,
bk0010211,au0000741,Primary,
bk0010212,au0000741,Primary,
bk0010213,au0000741,Primary,
bk0010214,au0000741,Primary,
bk0010215,au0000741,Primary,
bk0010216,au0000741,Primary,
bk0010217,au0000228 ,Primary,
bk0010217,au0000229 ,Primary,
bk0010218,au0000228 ,Primary,
bk0010218,au0000229 ,Primary,
bk0010219,au0000228 ,Primary,
bk0010219,au0000229 ,Primary,
bk0010220,au0000228 ,Primary,
bk0010220,au0000229 ,Primary,
bk0010221,au0000228 ,Primary,
bk0010221,au0000229 ,Primary,
bk0010222,au0000228,Primary,
bk0010222,au0000229 ,Primary,
bk0010223,au0001349,Primary,
bk0010224,au0001143,Primary,
bk0010225,au0001143,Primary,
bk0010226,au0001143,Primary,
bk0010227,au0001143,Primary,
bk0010227,au0000611,Translator,
bk0010228,au0000319,Primary,
bk0010228,au0000471,Translator,
bk0010229,au0000319,Primary,
bk0010229,au0000471,Translator,
bk0010230,au0000758,Primary,
bk0010230,au0010203,Translator,
bk0010231,au0000758,Primary,
bk0010231,au0010203,Translator,
bk0010232,au0000018,Editor,
bk0010232,au0010195,Editor,
bk0010232,au0000610,Primary,
bk0010232,au0010220,Translator,
bk0010232,au0001557,Translator,
bk0010232,au0010221,Translator,
bk0010233,au0000018,Editor,
bk0010233,au0010195,Editor,
bk0010233,au0000610,Primary,
bk0010233,au0001557,Translator,
bk0010234,au0000018,Editor,
bk0010234,au0010195,Editor,
bk0010234,au0000610,Primary,
bk0010234,au0001557,Translator,
bk0010235,au0000634,Primary,
bk0010236,au0000634,Primary,
bk0010237,au0000730,Primary,
bk0010238,au0000730,Primary,
bk0010239,au0000730,Primary,
bk0010240,au0000428,Primary,
bk0010240,au0010207,Translator,
bk0010241,au0001128,Primary,
bk0010242,au0001128,Primary,
bk0010243,au0000815,Primary,
bk0010244,au0000815,Primary,
bk0010245,au0000815,Primary,
bk0010246,au0000271,Primary,
bk0010247,au0000271,Primary,
bk0010248,,,
bk0010249,,,
bk0010250,au0000605,Primary,
bk0010251,au0000605,Primary,
bk0010252,au0000605,Primary,
bk0010253,au0000605,Primary,
bk0010254,au0000605,Primary,
bk0010255,au0000605,Primary,
bk0010256,au0000605,Primary,
bk0010257,au0000605,Primary,
bk0010258,au0000002,Primary,
bk0010258,au0001879,Secondary,
bk0010259,au0000002,Primary,
bk0010259,au0001879,Secondary,
bk0010260,au0000002,Primary,
bk0010260,au0001879,Secondary,
bk0010261,au0000002,Primary,
bk0010261,au0001879,Secondary,
bk0010262,au0000002,Primary,
bk0010262,au0001879,Secondary,
bk0010263,au0000002,Primary,
bk0010263,au0001879,Secondary,
bk0010264,au0000002,Primary,
bk0010264,au0001879,Secondary,
bk0010265,au0000002,Primary,
bk0010265,au0001879,Secondary,
bk0010266,,,
bk0010267,,,
bk0010268,,,
bk0010269,,,
bk0010270,au0000931,Primary,
bk0010271,au0000931,Primary,
bk0010272,au0000931,Primary,
bk0010273,au0000931,Primary,
bk0010274,au0000931,Primary,
bk0010275,au0000931,Primary,
bk0010276,au0000065,Primary,
bk0010277,au0000578,Primary,
bk0010278,au0000578,Primary,
bk0010279,au0000711,Primary,
bk0010280,au0010218,Editor,
bk0010280,au0001144,Primary,
bk0010281,au0010218,Editor,
bk0010281,au0001144,Primary,
bk0010282,au0010218,Editor,
bk0010282,au0001144,Primary,
bk0010283,au0010218,Editor,
bk0010283,au0001144,Primary,
bk0010284,au0010218,Editor,
bk0010284,au0001144,Primary,
bk0010285,au0010218,Editor,
bk0010285,au0001144,Primary,
bk0010286,au0010218,Editor,
bk0010286,au0001144,Primary,
bk0010287,au0010218,Editor,
bk0010287,au0001144,Primary,
bk0010288,au0010218,Editor,
bk0010288,au0001144,Primary,
bk0010289,au0001144,Primary,
bk0010289,au0000260,Translator,
bk0010290,au0001144,Primary,
bk0010290,au0000260,Translator,
bk0010291,au0010204,Editor,
bk0010291,au0001144,Primary,
bk0010292,au0000856,Primary,
bk0010292,au0000260,Translator,
bk0010293,au0000856,Primary,
bk0010293,au0000260,Translator,
bk0010294,au0010191,Editor,
bk0010294,au0000702,Primary,
bk0010294,au0002015,Secondary,
bk0010295,au0010191,Editor,
bk0010295,au0000702,Primary,
bk0010295,au0002015,Secondary,
bk0010296,au0010191,Editor,
bk0010296,au0000702,Primary,
bk0010296,au0002015,Secondary,
bk0010297,au0010191,Editor,
bk0010297,au0000702,Primary,
bk0010297,au0002015,Secondary,
bk0010297,au0000463,Secondary,
bk0010298,au0001879,Primary,
bk0010298,au0010217,Translator,
bk0010299,au0001879,Secondary,
bk0010300,au0001879,Secondary,
bk0010301,au0001879,Secondary,
bk0010302,au0000002,Primary,
bk0010302,au0010186,Translator,
bk0010303,au0001078,Editor,
bk0010303,au0000002,Primary,
bk0010303,au0010024,Secondary,
bk0010303,au0010219,Secondary,
bk0010303,au0010186,Translator,
bk0010304,au0001078,Editor,
bk0010304,au0000002,Primary,
bk0010304,au0010024,Secondary,
bk0010304,au0010219,Secondary,
bk0010304,au0010186,Translator,
bk0010305,au0001078,Editor,
bk0010305,au0000002,Primary,
bk0010305,au0010024,Secondary,
bk0010305,au0010219,Secondary,
bk0010305,au0010186,Translator,
bk0010306,au0001013,Primary,
bk0010307,au0000271,Primary,
bk0010308,au0000271,Primary,
bk0010309,au0000345,Primary,
bk0010309,au0001915,Translator,
bk0010310,au0001180,Primary,
bk0010311,au0001180,Primary,
bk0010312,au0001187,Primary,
bk0010313,au0001187,Primary,
bk0010314,au0001187,Primary,
bk0010314,au0002018,Translator,
bk0010315,au0001164,Primary,
bk0010316,au0001164,Primary,
bk0010317,au0001164,Primary,
bk0010318,au0000340,Primary,
bk0010319,au0000529,Primary,
bk0010320,au0000529,Primary,
bk0010321,au0000529,Primary,
bk0010322,au0000529,Primary,
bk0010323,au0000529,Primary,
bk0010324,au0000529,Primary,
bk0010325,au0000872,Primary,
bk0010326,au0000872,Primary,
bk0010327,au0000049,Primary,
bk0010328,au0000049,Primary,
bk0010329,au0000049,Primary,
bk0010330,au0000049,Primary,
bk0010331,au0000049,Primary,
bk0010332,au0000049,Primary,
bk0010333,au0000002,Primary,
bk0010334,au0000002,Primary,
bk0010335,au0000002,Primary,
bk0010336,au0000002,Primary,
bk0010337,au0000002,Primary,
bk0010338,au0000002,Primary,
bk0010339,au0000002,Primary,
bk0010340,au0000002,Primary,
bk0010341,au0000002,Primary,
bk0010342,au0000002,Primary,
bk0010343,au0000614,Primary,
bk0010344,au0000614,Primary,
bk0010345,au0000614,Primary,
bk0010346,au0002148,Primary,
bk0010347,au0002148,Primary,
bk0010348,au0001601,Primary,
bk0010349,au0000041,Primary,
bk0010350,au0000041,Primary,
bk0010351,au0000041,Primary,
bk0010352,au0000041,Primary,
bk0010353,au0000041,Primary,
bk0010354,au0000041,Primary,
bk0010355,au0000041,Primary,
bk0010356,au0000041,Primary,
bk0010357,au0002203,Primary,
bk0010358,au0001974,Primary,
bk0010359,au0001974,Primary,
bk0010360,au0001224,Primary,
bk0010361,au0001224,Primary,
bk0010362,au0001224,Primary,
bk0010363,au0001224,Primary,
bk0010364,au0001224,Primary,
bk0010365,au0001224,Primary,
bk0010366,au0001224,Primary,
bk0010367,au0001224,Primary,
bk0010368,au0001224,Primary,
bk0010369,au0001224,Primary,
bk0010370,au0000619,Primary,
bk0010371,au0002103,Primary,
bk0010372,au0002103,Primary,
bk0010373,au0002103,Primary,
bk0010374,au0000952,Primary,
bk0010375,au0000153,Primary,
bk0010375,au0000762,Translator,
bk0010376,au0010185,Editor,
bk0010376,au0001898,Editor,
bk0010376,au0000711,Primary,
bk0010376,au0001332,Translator,
bk0010377,au0001078,Primary,
bk0010378,au0001078,Primary,
bk0010379,au0001673,Primary,
bk0010380,au0000354,Primary,
bk0010380,au0001054,Translator,
bk0010381,au0000354,Primary,
bk0010381,au0001054,Translator,
bk0010382,au0000354,Primary,
bk0010382,au0001054,Translator,
bk0010383,au0000354,Primary,
bk0010383,au0001054,Translator,
bk0010384,au0000049,Primary,
bk0010385,au0000049,Primary,
bk0010386,au0000049,Primary,
bk0010387,au0000049,Primary,
bk0010388,au0000049,Primary,
bk0010389,au0000049,Primary,
bk0010390,au0000049,Primary,
bk0010391,au0000049,Primary,
bk0010392,au0000049,Primary,
bk0010393,au0000049,Primary,
bk0010394,au0000049,Primary,
bk0010395,au0000049,Primary,
bk0010396,au0000049,Primary,
bk0010397,au0000049,Primary,
bk0010398,au0000049,Primary,
bk0010399,au0000049,Primary,
bk0010400,au0000049,Primary,
bk0010401,au0000049,Primary,
bk0010402,au0000049,Primary,
bk0010403,au0000049,Primary,
bk0010404,au0000049,Primary,
bk0010405,au0000049,Primary,
bk0010406,au0000049,Primary,
bk0010407,au0000049,Primary,
bk0010408,au0000049,Primary,
bk0010409,au0000049,Primary,
bk0010410,au0000049,Primary,
bk0010411,au0000049,Primary,
bk0010412,au0000049,Primary,
bk0010413,au0000049,Primary,
bk0010414,au0000049,Primary,
bk0010415,au0000049,Primary,
bk0010416,au0000646,Primary,
bk0010417,au0000646,Primary,
bk0010418,au0000646,Primary,
bk0010419,au0000646,Primary,
bk0010420,au0000646,Primary,
bk0010421,au0001165,Primary,
bk0010422,au0001165,Primary,
bk0010423,au0001447,Primary,
bk0010423,au0000179,Translator,
bk0010424,au0010028,Primary,
bk0010424,au0001833,Secondary,
bk0010425,au0010028,Primary,
bk0010425,au0001833,Secondary,
bk0010426,au0010028,Primary,
bk0010426,au0001833,Secondary,
bk0010427,au0001372,Primary,
bk0010428,au0001372,Primary,
bk0010429,,,
bk0010430,,,
bk0010431,,,
bk0010432,,,
bk0010433,,,
bk0010434,,,
bk0010435,,,
bk0010436,,,
bk0010437,,,
bk0010438,,,
bk0010439,,,
bk0010440,,,
bk0010441,,,
bk0010442,,,
bk0010443,au0002228,Primary,
bk0010444,au0002228,Primary,
bk0010445,au0002228,Primary,
bk0010446,au0002228,Primary,
bk0010447,au0002228,Primary,
bk0010448,au0002228,Primary,
bk0010449,au0002228,Primary,
bk0010450,au0002228,Primary,
bk0010451,au0002228,Primary,
bk0010452,au0002228,Primary,
bk0010453,au0002228,Primary,
bk0010454,au0002228,Primary,
bk0010455,au0002228,Primary,
bk0010456,au0002228,Primary,
bk0010457,au0002228,Primary,
bk0010458,au0002228,Primary,
bk0010459,au0002228,Primary,
bk0010460,au0002228,Primary,
bk0010461,au0002228,Primary,
bk0010462,au0002228,Primary,
bk0010463,au0002228,Primary,
bk0010464,au0002228,Primary,
bk0010465,au0002228,Primary,
bk0010466,au0002228,Primary,
bk0010467,au0002228,Primary,
bk0010468,au0002228,Primary,
bk0010469,au0002228,Primary,
bk0010470,au0002228,Primary,
bk0010471,au0002228,Primary,
bk0010472,au0002228,Primary,
bk0010473,au0002228,Primary,
bk0010474,au0002228,Primary,
bk0010475,au0002228,Primary,
bk0010476,au0002228,Primary,
bk0010477,au0002228,Primary,
bk0010478,au0002228,Primary,
bk0010479,au0002228,Primary,
bk0010480,au0002228,Primary,
bk0010481,au0002228,Primary,
bk0010482,au0002228,Primary,
bk0010483,au0002228,Primary,
bk0010484,au0002228,Primary,
bk0010485,au0002228,Primary,
bk0010486,au0002228,Primary,
bk0010487,au0002228,Primary,
bk0010488,au0002228,Primary,
bk0010489,au0002228,Primary,
bk0010490,au0002228,Primary,
bk0010491,au0002228,Primary,
bk0010492,au0002228,Primary,
bk0010493,au0002228,Primary,
bk0010494,au0002228,Primary,
bk0010495,au0002228,Primary,
bk0010496,au0002228,Primary,
bk0010497,au0002228,Primary,
bk0010498,au0002228,Primary,
bk0010499,au0001490,Primary,
bk0010500,au0001490,Primary,
bk0010501,au0001490,Primary,
bk0010502,au0001490,Primary,
bk0010503,au0001490,Primary,
bk0010504,au0001490,Primary,
bk0010505,au0001490,Primary,
bk0010506,au0001490,Primary,
bk0010507,au0001490,Primary,
bk0010508,au0001490,Primary,
bk0010509,au0001490,Primary,
bk0010510,au0001490,Primary,
bk0010511,au0001490,Primary,
bk0010512,au0001490,Primary,
bk0010513,au0001490,Primary,
bk0010514,au0001490,Primary,
bk0010515,au0001490,Primary,
bk0010516,au0001490,Primary,
bk0010517,au0001490,Primary,
bk0010518,au0001490,Primary,
bk0010519,au0001490,Primary,
bk0010520,au0001490,Primary,
bk0010521,au0001490,Primary,
bk0010522,au0001490,Primary,
bk0010523,au0001490,Primary,
bk0010524,au0001490,Primary,
bk0010525,au0001490,Primary,
bk0010526,au0001490,Primary,
bk0010527,au0001490,Primary,
bk0010528,au0001490,Primary,
bk0010529,au0001490,Primary,
bk0010530,au0001490,Primary,
bk0010531,au0001490,Primary,
bk0010532,au0001490,Primary,
bk0010533,au0001490,Primary,
bk0010534,au0001490,Primary,
bk0010535,au0001490,Primary,
bk0010536,au0001490,Primary,
bk0010537,au0001490,Primary,
bk0010538,au0001490,Primary,
bk0010539,au0001490,Primary,
bk0010540,au0001490,Primary,
bk0010541,au0001490,Primary,
bk0010542,au0001490,Primary,
bk0010543,au0001490,Primary,
bk0010544,au0001490,Primary,
bk0010545,au0001490,Primary,
bk0010546,au0001490,Primary,
bk0010547,au0001490,Primary,
bk0010548,au0001490,Primary,
bk0010549,au0001490,Primary,
bk0010550,au0001490,Primary,
bk0010551,au0001490,Primary,
bk0010552,au0001490,Primary,
bk0010553,au0001490,Primary,
bk0010554,au0001490,Primary,
bk0010555,au0001490,Primary,
bk0010556,au0001490,Primary,
bk0010557,au0001490,Primary,
bk0010558,au0001490,Primary,
bk0010559,au0001490,Primary,
bk0010560,au0001490,Primary,
bk0010561,au0001490,Primary,
bk0010562,au0001490,Primary,
bk0010563,au0001490,Primary,
bk0010564,au0001103,Primary,
bk0010565,au0001103,Primary,
bk0010566,au0000742,Primary,
bk0010567,au0000742,Primary,
bk0010568,au0000742,Primary,
bk0010569,au0000742,Primary,
bk0010570,au0001515,Primary,
bk0010571,au0000621,Primary,
bk0010572,au0001668,Primary,
bk0010573,au0000931,Primary,
bk0010574,au0000931,Primary,
bk0010575,au0000197,Primary,
bk0010576,au0000931,Primary,
bk0010577,au0000324,Primary,
bk0010577,au0000108,Primary,
bk0010578,au0000324,Primary,
bk0010578,au0000108,Primary,
bk0010579,au0000324,Primary,
bk0010579,au0000108,Primary,
bk0010580,au0000324,Primary,
bk0010580,au0000108,Primary,
bk0010581,au0000324,Primary,
bk0010581,au0000108,Primary,
bk0010582,au0000324,Primary,
bk0010582,au0000108,Primary,
bk0010583,au0000324,Primary,
bk0010583,au0000108,Primary,
bk0010584,au0001834,Primary,
bk0010584,au0002018,Translator,
bk0010585,au0001730,Primary,
bk0010585,au0000027,Translator,
bk0010586,au0000729,Primary,
bk0010587,au0000729,Primary,
bk0010588,au0002208,Primary,
bk0010589,au0002208,Primary,
bk0010590,au0000238,Primary,
bk0010591,au0000238,Primary,
bk0010592,au0001906,Primary,
bk0010592,au0001907,Primary,
bk0010592,au0010197,Secondary,
bk0010593,au0001681,Primary,
bk0010594,au0000354,Primary,
bk0010594,au0001054,Translator,
bk0010595,au0000354,Primary,
bk0010595,au0001054,Translator,
bk0010596,au0000354,Primary,
bk0010596,au0001054,Translator,
bk0010597,au0000354,Primary,
bk0010597,au0001054,Translator,
bk0010598,au0002015,Primary,
bk0010599,au0002015,Primary,
bk0010600,au0002015,Primary,
bk0010601,au0002015,Primary,
bk0010602,au0000578,Primary,
bk0010603,au0001180,Primary,
bk0010604,au0001180,Primary,
bk0010605,au0001180,Primary,
bk0010606,au0001180,Primary,
bk0010607,au0001180,Primary,
bk0010608,au0010058,Primary,
bk0010609,,,
bk0010610,au0010151,Primary,
bk0010611,au0010151,Primary,
bk0010612,au0000002,Primary,
bk0010612,au0010115,Editor,
bk0010613,au0000002,Primary,
bk0010613,au0010115,Editor,
bk0010614,au0010115,Editor,
bk0010614,au0000002,Primary,
bk0010615,au0010053,Primary,
bk0010616,au0010053,Primary,
bk0010617,au0010015,Primary,
bk0010618,au0010015,Primary,
bk0010619,,,
bk0010620,,,
bk0010621,,,
bk0010622,,,
bk0010623,,,
bk0010624,,,
bk0010625,,,
bk0010626,,,
bk0010627,,,
bk0010628,,,
bk0010629,,,
bk0010630,,,
bk0010631,,,
bk0010632,,,
bk0010633,au0001613,Primary,
bk0010633,au0010136,Secondary,
bk0010634,,,
bk0010635,au0010109,Primary,
bk0010636,,,
bk0010637,,,
bk0010638,,,
bk0010639,,,
bk0010640,au0010049,Primary,
bk0010641,au0010049,Primary,
bk0010642,au0010134,Primary,
bk0010642,au0010183,Translator,
bk0010643,au0010130,Primary,
bk0010644,au0010000,Primary,
bk0010645,au0010019,Primary,
bk0010646,au0010026,Primary,
bk0010647,,,
bk0010648,,,
bk0010649,au0010009,Primary,
bk0010649,au0010241,Editor,
bk0010650,,,
bk0010651,,,
bk0010652,,,
bk0010653,au0010089,Primary,
bk0010654,au0010169,Primary,
bk0010655,,,
bk0010656,,,
bk0010657,,,
bk0010658,,,
bk0010659,,,
bk0010660,,,
bk0010661,,,
bk0010662,au0010227,Primary,
bk0010663,au0010227,Primary,
bk0010664,,,
bk0010665,,,
bk0010666,,,
bk0010667,,,
bk0010668,au0010023,Primary,
bk0010669,au0010023,Primary,
bk0010670,au0010023,Primary,
bk0010671,au0010023,Primary,
bk0010672,,,
bk0010673,,,
bk0010674,,,
bk0010675,,,
bk0010676,,,
bk0010677,,,
bk0010678,,,
bk0010679,,,
bk0010680,,,
bk0010681,,,
bk0010682,,,
bk0010683,,,
bk0010684,au0010138,Primary,
bk0010685,au0010138,Primary,
bk0010686,au0010138,Primary,
bk0010687,au0001078,Editor,
bk0010687,au0000322,Primary,
bk0010688,au0001078,Editor,
bk0010688,au0000322,Primary,
bk0010689,au0001078,Editor,
bk0010689,au0000322,Primary,
bk0010690,au0001078,Editor,
bk0010690,au0000322,Primary,
bk0010691,au0001078,Editor,
bk0010691,au0000322,Primary,
bk0010692,au0001078,Editor,
bk0010692,au0000322,Primary,
bk0010693,au0001078,Editor,
bk0010693,au0000322,Primary,
bk0010694,au0000322,Primary,
bk0010695,au0000322,Primary,
bk0010696,au0000322,Primary,
bk0010697,au0000322,Primary,
bk0010698,au0000322,Primary,
bk0010699,au0000322,Primary,
bk0010700,au0000322,Primary,
bk0010701,au0001078,Editor,
bk0010701,au0000322,Primary,
bk0010702,au0001078,Editor,
bk0010702,au0000322,Primary,
bk0010703,au0001078,Editor,
bk0010703,au0000322,Primary,
bk0010704,au0001078,Editor,
bk0010704,au0000322,Primary,
bk0010705,au0001078,Editor,
bk0010705,au0000322,Primary,
bk0010706,au0001078,Editor,
bk0010706,au0000322,Primary,
bk0010707,au0001078,Editor,
bk0010707,au0000322,Primary,
bk0010708,au0001078,Editor,
bk0010708,au0000322,Primary,
bk0010709,au0001078,Editor,
bk0010709,au0000322,Primary,
bk0010710,au0001078,Editor,
bk0010710,au0000322,Primary,
bk0010711,au0010025,Primary,
bk0010711,au0010193,Translator,
bk0010712,,,
bk0010713,,,
bk0010714,,,
bk0010715,,,
bk0010716,,,
bk0010717,au0010006,Primary,
bk0010717,au0010222,Secondary,
bk0010717,au0010223,Secondary,
bk0010718,au0010157,Primary,
bk0010719,au0001180,Primary,
bk0010720,au0001180,Primary,
bk0010721,au0001180,Primary,
bk0010722,au0001180,Primary,
bk0010723,au0001180,Primary,
bk0010724,au0001180,Primary,
bk0010725,au0001180,Primary,
bk0010726,au0001180,Primary,
bk0010727,au0001180,Primary,
bk0010728,au0010131,Primary,
bk0010729,au0010131,Primary,
bk0010730,,,
bk0010731,,,
bk0010732,,,
bk0010733,au0001078,Editor,
bk0010733,au0000322,Primary,
bk0010734,au0010189,Primary,
bk0010735,au0010189,Primary,
bk0010736,au0010158,Primary,
bk0010736,au0010184,Translator,
bk0010737,au0010158,Primary,
bk0010737,au0010184,Translator,
bk0010738,au0010158,Primary,
bk0010738,au0010184,Translator,
bk0010739,au0010158,Primary,
bk0010739,au0010184,Translator,
bk0010740,au0010158,Primary,
bk0010740,au0010184,Translator,
bk0010741,au0010158,Primary,
bk0010741,au0010184,Translator,
bk0010742,au0010158,Primary,
bk0010742,au0010184,Translator,
bk0010743,au0010158,Primary,
bk0010743,au0010184,Translator,
bk0010744,au0010158,Primary,
bk0010744,au0010184,Translator,
bk0010745,au0010158,Primary,
bk0010745,au0010184,Translator,
bk0010746,au0010158,Primary,
bk0010746,au0010184,Translator,
bk0010747,,,
bk0010748,au0010164,Primary,
bk0010749,,,
bk0010750,au0002038,Primary,
bk0010750,au0002111,Primary,
bk0010750,au0001974,Primary,
bk0010750,au0002208,Primary,
bk0010751,au0010038,Primary,
bk0010752,au0010038,Primary,
bk0010753,au0010038,Primary,
bk0010754,au0010038,Primary,
bk0010755,au0000279,Primary,
bk0010756,au0000279,Primary,
bk0010757,,,
bk0010758,,,
bk0010759,au0010059,Primary,
bk0010760,au0010036,Primary,
bk0010761,au0010007,Primary,
bk0010762,au0010007,Primary,
bk0010763,au0010154,Primary,
bk0010764,,,
bk0010765,,,
bk0010766,,,
bk0010767,au0000543,Primary,
bk0010768,,,
bk0010769,,,
bk0010770,,,
bk0010771,,,
bk0010772,au0010055,Primary,
bk0010773,au0010055,Primary,
bk0010774,au0010055,Primary,
bk0010775,au0010055,Primary,
bk0010776,au0010055,Primary,
bk0010777,au0010032,Primary,
bk0010778,au0010032,Primary,
bk0010779,au0010032,Primary,
bk0010780,au0010032,Primary,
bk0010781,au0010032,Primary,
bk0010782,au0010070,Primary,
bk0010783,,,
bk0010784,,,
bk0010785,,,
bk0010786,au0010145,Primary,
bk0010786,au0010050,Secondary,
bk0010787,,,
bk0010788,au0010045,Primary,
bk0010789,au0010045,Primary,
bk0010790,,,
bk0010791,,,
bk0010792,au0010228,primary,
bk0010793,au0010037,Primary,
bk0010794,au0010132,Primary,
bk0010795,au0010099,Primary,
bk0010796,au0010113,Primary,
bk0010797,au0010060,Primary,
bk0010798,au0010060,Primary,
bk0010799,au0000002,Primary,
bk0010800,au0000002,Primary,
bk0010801,au0000002,Primary,
bk0010802,au0000002,Primary,
bk0010803,au0000002,Primary,
bk0010804,au0000002,Primary,
bk0010805,au0000002,Primary,
bk0010806,au0000002,Primary,
bk0010807,au0000002,Primary,
bk0010808,au0000002,Primary,
bk0010809,au0000002,Primary,
bk0010810,au0000002,Primary,
bk0010811,au0000002,Primary,
bk0010812,au0000002,Primary,
bk0010813,au0000002,Primary,
bk0010814,au0000002,Primary,
bk0010815,au0000002,Primary,
bk0010816,au0000002,Primary,
bk0010817,au0001208,Primary,
bk0010818,au0001447,Primary,
bk0010818,au0001473,Translator,
bk0010819,au0010043,Primary,
bk0010820,au0010090,Primary,
bk0010821,au0010090,Primary,
bk0010822,au0010090,Primary,
bk0010823,au0010090,Primary,
bk0010824,au0010090,Primary,
bk0010825,au0010090,Primary,
bk0010826,au0010090,Primary,
bk0010827,au0010090,Primary,
bk0010828,au0010090,Primary,
bk0010829,au0002180,Primary,
bk0010830,,,
bk0010831,au0010106,Primary,
bk0010832,au0010056,Primary,
bk0010832,au0010020,Secondary,
bk0010833,au0010056,Primary,
bk0010834,,,
bk0010835,,,
bk0010836,,,
bk0010837,,,
bk0010838,,,
bk0010839,au0010094,Primary,
bk0010840,,,
bk0010841,,,
bk0010842,au0010024,Primary,
bk0010843,au0010118,Primary,
bk0010844,au0010116,Primary,
bk0010845,au0010116,Primary,
bk0010846,au0010001,Primary,
bk0010847,au0010001,Primary,
bk0010848,au0001797,Primary,
bk0010848,au0010215,Secondary,
bk0010849,,,
bk0010850,au0010080,Primary,
bk0010851,,,
bk0010852,au0010037,Primary,
bk0010853,au0010102,Primary,
bk0010853,au0002011,Translator,
bk0010854,au0010002,Primary,
bk0010855,au0010054,Primary,
bk0010856,au0010054,Primary,
bk0010857,au0010136,Primary,
bk0010858,au0010117,Primary,
bk0010859,au0001180,Primary,
bk0010860,au0000002,Primary,
bk0010860,au0010115,Secondary,
bk0010861,au0000002,Primary,
bk0010861,au0010115,Secondary,
bk0010862,au0000002,Primary,
bk0010862,au0010115,Secondary,
bk0010863,au0000002,Primary,
bk0010863,au0010115,Secondary,
bk0010864,au0000002,Primary,
bk0010864,au0010115,Secondary,
bk0010865,au0000002,Primary,
bk0010865,au0010115,Secondary,
bk0010866,au0000002,Primary,
bk0010866,au0010115,Secondary,
bk0010867,au0000002,Primary,
bk0010867,au0010115,Secondary,
bk0010868,au0000002,Primary,
bk0010868,au0010115,Secondary,
bk0010869,au0000002,Primary,
bk0010869,au0010115,Secondary,
bk0010870,au0000002,Primary,
bk0010870,au0010115,Secondary,
bk0010871,au0000002,Primary,
bk0010871,au0010115,Secondary,
bk0010872,au0000002,Primary,
bk0010872,au0010115,Secondary,
bk0010873,au0000002,Primary,
bk0010873,au0010115,Secondary,
bk0010874,au0000002,Primary,
bk0010875,au0000002,Primary,
bk0010876,au0000002,Primary,
bk0010877,au0000002,Primary,
bk0010878,au0000002,Primary,
bk0010879,au0000002,Primary,
bk0010880,au0000002,Primary,
bk0010881,au0000002,Primary,
bk0010882,,,
bk0010883,,,
bk0010884,,,
bk0010885,,,
bk0010886,,,
bk0010887,,,
bk0010888,,,
bk0010889,,,
bk0010890,,,
bk0010891,,,
bk0010892,,,
bk0010893,au0000002,Primary,
bk0010894,au0000002,Primary,
bk0010895,,,
bk0010896,au0010072,Primary,
bk0010897,,,
bk0010898,au0010082,Primary,
bk0010899,,,
bk0010900,au0002228,Primary,
bk0010901,au0002228,Primary,
bk0010902,au0002228,Primary,
bk0010903,au0002228,Primary,
bk0010904,au0002228,Primary,
bk0010905,au0002228,Primary,
bk0010906,au0002228,Primary,
bk0010907,,,
bk0010908,,,
bk0010909,,,
bk0010910,,,
bk0010911,au0010065,Primary,
bk0010912,au0010065,Primary,
bk0010913,,,
bk0010914,au0010136,Primary,
bk0010915,au0010136,Primary,
bk0010916,au0010121,Primary,
bk0010916,au0000260,Translator,
bk0010917,au0010032,Primary,
bk0010918,au0010032,Primary,
bk0010919,au0010115,Primary,
bk0010920,,,
bk0010921,au0010229,Primary,
bk0010922,au0001106,Primary,
bk0010923,,,
bk0010924,,,
bk0010925,,,
bk0010926,,,
bk0010927,,,
bk0010928,,,
bk0010929,,,
bk0010930,,,
bk0010931,,,
bk0010932,,,
bk0010933,,,
bk0010934,,,
bk0010935,,,
bk0010936,,,
bk0010937,,,
bk0010938,,,
bk0010939,,,
bk0010940,,,
bk0010941,,,
bk0010942,,,
bk0010943,,,
bk0010944,,,
bk0010945,au0010076,Primary,
bk0010946,au0010076,Primary,
bk0010947,,,
bk0010948,,,
bk0010949,,,
bk0010950,,,
bk0010951,,,
bk0010952,au0010102,Primary,
bk0010952,au0000589,Translator,
bk0010953,,,
bk0010954,,,
bk0010955,,,
bk0010956,au0010012,Primary,
bk0010957,au0010012,Primary,
bk0010958,au0010012,Primary,
bk0010959,au0010031,Primary,
bk0010960,au0001572,Primary,
bk0010961,,,
bk0010962,,,
bk0010963,,,
bk0010964,,,
bk0010965,,,
bk0010966,au0010110,Primary,
bk0010967,,,
bk0010968,,,
bk0010969,,,
bk0010970,,,
bk0010971,,,
bk0010972,,,
bk0010973,,,
bk0010974,,,
bk0010975,,,
bk0010976,,,
bk0010977,,,
bk0010978,,,
bk0010979,,,
bk0010980,,,
bk0010981,,,
bk0010982,,,
bk0010983,,,
bk0010984,,,
bk0010985,,,
bk0010986,,,
bk0010987,,,
bk0010988,,,
bk0010989,,,
bk0010990,,,
bk0010991,,,
bk0010992,,,
bk0010993,,,
bk0010994,,,
bk0010995,,,
bk0010996,,,
bk0010997,,,
bk0010998,,,
bk0010999,,,
bk0011000,,,
bk0011001,,,
bk0011002,,,
bk0011003,,,
bk0011004,,,
bk0011005,,,
bk0011006,,,
bk0011007,,,
bk0011008,,,
bk0011009,,,
bk0011010,,,
bk0011011,,,
bk0011012,,,
bk0011013,,,
bk0011014,,,
bk0011015,,,
bk0011016,,,
bk0011017,,,
bk0011018,,,
bk0011019,,,
bk0011020,,,
bk0011021,,,
bk0011022,,,
bk0011023,,,
bk0011024,,,
bk0011029,au0010048,Primary,
bk0011030,au0010048,Primary,
bk0011031,au0010048,Primary,
bk0011032,au0010048,Primary,
bk0011033,,,
bk0011034,,,
bk0011035,,,
bk0011036,,,
bk0011037,,,
bk0011038,,,
bk0011039,,,
bk0011040,,,
bk0011041,,,
bk0011042,,,
bk0011043,,,
bk0011044,,,
bk0011045,,,
bk0011046,,,
bk0011047,,,
bk0011048,,,
bk0011049,,,
bk0011050,,,
bk0011051,,,
bk0011052,,,
bk0011053,,,
bk0011054,,,
bk0011055,,,
bk0011056,,,
bk0011057,,,
bk0011058,,,
bk0011059,,,
bk0011060,,,
bk0011061,,,
bk0011062,,,
bk0011063,,,
bk0011064,,,
bk0011065,,,
bk0011066,,,
bk0011067,,,
bk0011068,,,
bk0011069,,,
bk0011070,,,
bk0011071,,,
bk0011072,,,
bk0011073,,,
bk0011074,,,
bk0011075,,,
bk0011076,,,
bk0011077,,,
bk0011078,,,
bk0011079,,,
bk0011080,,,
bk0011081,,,
bk0011082,,,
bk0011083,,,
bk0011084,,,
bk0011085,,,
bk0011086,au0010073,Primary,
bk0011087,au0010137,Primary,
bk0011088,au0010024,Primary,
bk0011089,au0010103,Primary,
bk0011089,au0010249,Secondary,
bk0011089,au0010250,Secondary,
bk0011089,au0010251,Secondary,
bk0011090,au0010103,Primary,
bk0011090,au0010249,Secondary,
bk0011090,au0010250,Secondary,
bk0011090,au0010251,Secondary,
bk0011091,au0010171,Primary,
bk0011092,au0000914,Primary,
bk0011093,au0000114,Primary,
bk0011094,au0000324,Primary,
bk0011095,au0010079,Primary,
bk0011095,au0001332,Translator,
bk0011096,au0010123,Primary,
bk0011097,au0010057,Primary,
bk0011098,au0010057,Primary,
bk0011099,au0010057,Primary,
bk0011100,au0010057,Primary,
bk0011101,au0010057,Primary,
bk0011102,au0010057,Primary,
bk0011103,au0010057,Primary,
bk0011104,au0010057,Primary,
bk0011105,au0010057,Primary,
bk0011106,au0010057,Primary,
bk0011107,au0010057,Primary,
bk0011108,au0010057,Primary,
bk0011109,au0010057,Primary,
bk0011110,au0010057,Primary,
bk0011111,au0000292,Primary,
bk0011112,au0010063,Primary,
bk0011113,au0000108,Primary,
bk0011114,au0000056,Primary,
bk0011115,au0010067,Primary,
bk0011116,au0010067,Primary,
bk0011117,au0010067,Primary,
bk0011118,au0010067,Primary,
bk0011119,au0010067,Primary,
bk0011120,au0010067,Primary,
bk0011121,au0010067,Primary,
bk0011122,au0010067,Primary,
bk0011123,au0002090,Primary,
bk0011124,au0001180,Primary,
bk0011125,au0001180,Primary,
bk0011126,,,
bk0011127,,,
bk0011128,au0000027,Primary,
bk0011129,au0010040,Primary,
bk0011130,au0000428,Primary,
bk0011131,,,
bk0011132,au0010075,Primary,
bk0011133,au0010075,Primary,
bk0011134,au0001641,Primary,
bk0011135,,,
bk0011136,au0010135,Primary,
bk0011137,au0010153,Primary,
bk0011138,au0010153,Primary,
bk0011139,au0010086,Primary,
bk0011140,au0010230,Primary,
bk0011141,au0010168,Primary,
bk0011142,au0010032,Primary,
bk0011143,,,
bk0011144,,,
bk0011145,au0010069,Primary,
bk0011146,au0010069,Primary,
bk0011147,au0010069,Primary,
bk0011148,au0010069,Primary,
bk0011149,au0010069,Primary,
bk0011150,au0010069,Primary,
bk0011151,au0010069,Primary,
bk0011152,au0010069,Primary,
bk0011153,au0010069,Primary,
bk0011154,au0010069,Primary,
bk0011155,au0010069,Primary,
bk0011156,au0000056,Primary,
bk0011157,au0000056,Primary,
bk0011158,,,
bk0011159,,,
bk0011160,,,
bk0011161,au0010082,Primary,
bk0011162,au0010082,Primary,
bk0011163,au0010082,Primary,
bk0011164,au0010082,Primary,
bk0011165,au0010082,Primary,
bk0011166,au0010082,Primary,
bk0011167,au0010082,Primary,
bk0011168,au0010082,Primary,
bk0011169,au0010082,Primary,
bk0011170,au0010082,Primary,
bk0011171,au0010082,Primary,
bk0011172,au0010082,Primary,
bk0011173,au0010082,Primary,
bk0011174,au0010082,Primary,
bk0011175,au0010082,Primary,
bk0011176,au0010082,Primary,
bk0011177,au0010082,Primary,
bk0011178,au0010082,Primary,
bk0011179,au0010082,Primary,
bk0011180,au0010082,Primary,
bk0011181,au0010082,Primary,
bk0011182,au0010082,Primary,
bk0011183,au0010082,Primary,
bk0011184,au0010082,Primary,
bk0011185,au0010082,Primary,
bk0011186,au0010082,Primary,
bk0011187,au0010082,Primary,
bk0011188,au0010082,Primary,
bk0011189,au0010082,Primary,
bk0011190,au0010082,Primary,
bk0011191,au0010082,Primary,
bk0011192,au0010011,Primary,
bk0011193,,,
bk0011194,,,
bk0011195,,,
bk0011196,,,
bk0011197,,,
bk0011198,,,
bk0011199,,,
bk0011200,,,
bk0011201,,,
bk0011202,au0010086,Primary,
bk0011203,au0010090,Primary,
bk0011204,au0010090,Primary,
bk0011205,au0001853,Primary,
bk0011205,au0010189,Translator,
bk0011206,au0010080,Primary,
bk0011207,au0010080,Primary,
bk0011208,au0010080,Primary,
bk0011209,au0010138,Primary,
bk0011210,au0010138,Primary,
bk0011211,au0010138,Primary,
bk0011212,au0010143,Primary,
bk0011213,au0010143,Primary,
bk0011214,,,
bk0011215,,,
bk0011216,au0010143,Primary,
bk0011217,au0010143,Primary,
bk0011218,au0010143,Primary,
bk0011219,au0010143,Primary,
bk0011220,,,
bk0011221,,,
bk0011222,au0010167,Primary,
bk0011223,au0010167,Primary,
bk0011224,au0010167,Primary,
bk0011225,au0010167,Primary,
bk0011226,au0010167,Primary,
bk0011227,au0010167,Primary,
bk0011228,au0010167,Primary,
bk0011229,au0010167,Primary,
bk0011230,au0010167,Primary,
bk0011231,au0010167,Primary,
bk0011232,au0010167,Primary,
bk0011233,au0010167,Primary,
bk0011234,au0010167,Primary,
bk0011235,au0010167,Primary,
bk0011236,au0010167,Primary,
bk0011237,au0010167,Primary,
bk0011238,au0010167,Primary,
bk0011239,au0010167,Primary,
bk0011222,au0010082,Secondary,
bk0011223,au0010082,Secondary,
bk0011224,au0010082,Secondary,
bk0011225,au0010082,Secondary,
bk0011226,au0010082,Secondary,
bk0011227,au0010082,Secondary,
bk0011228,au0010082,Secondary,
bk0011229,au0010082,Secondary,
bk0011230,au0010082,Secondary,
bk0011231,au0010082,Secondary,
bk0011232,au0010082,Secondary,
bk0011233,au0010082,Secondary,
bk0011234,au0010082,Secondary,
bk0011235,au0010082,Secondary,
bk0011236,au0010082,Secondary,
bk0011237,au0010082,Secondary,
bk0011238,au0010082,Secondary,
bk0011239,au0010082,Secondary,
bk0011240,au0010167,Primary,
bk0011240,au0010082,Secondary,
bk0011241,au0010167,Primary,
bk0011241,au0010082,Secondary,
bk0011242,au0010167,Primary,
bk0011242,au0010082,Secondary,
bk0011243,au0010231,Primary,
bk0011244,au0010059,Primary,
bk0011245,au0010189,Primary,
bk0011246,au0010111,Primary,
bk0011247,,,
bk0011248,au0010064,Primary,
bk0011249,au0010064,Primary,
bk0011250,,,
bk0011251,au0001121,Primary,
bk0011252,,,
bk0011253,au0010074,Primary,
bk0011254,au0010124,Primary,
bk0011255,au0010124,Primary,
bk0011256,,,
bk0011257,,,
bk0011258,au0001164,Primary,
bk0011259,au0001932,Primary,
bk0011260,au0001932,Primary,
bk0011260,au0000963,Primary,
bk0011261,au0001932,Primary,
bk0011261,au0000963,Primary,
bk0011262,au0001932,Primary,
bk0011262,au0000963,Primary,
bk0011263,au0010018,Primary,
bk0011264,au0010018,Primary,
bk0011265,au0010081,Primary,
bk0011266,au0010162,Primary,
bk0011267,au0010162,Primary,
bk0011268,au0010148,Primary,
bk0011269,au0010046,Primary,
bk0011269,au0010212,Secondary,
bk0011270,au0000056,Primary,
bk0011271,au0000056,Primary,
bk0011272,au0000056,Primary,
bk0011273,au0000056,Primary,
bk0011274,au0000056,Primary,
bk0011275,au0000056,Primary,
bk0011276,au0000056,Primary,
bk0011277,au0000056,Primary,
bk0011278,au0000056,Primary,
bk0011279,au0000056,Primary,
bk0011280,au0000056,Primary,
bk0011281,au0000056,Primary,
bk0011282,au0000056,Primary,
bk0011283,au0000056,Primary,
bk0011284,au0000056,Primary,
bk0011285,au0000056,Primary,
bk0011286,au0000056,Primary,
bk0011287,au0000056,Primary,
bk0011288,au0000027,Primary,
bk0011289,au0010147,Primary,
bk0011290,au0010059,Primary,
bk0011291,au0010071,Primary,
bk0011292,au0010071,Primary,
bk0011293,au0010071,Primary,
bk0011294,au0001999,Primary,
bk0011295,au0010169,Primary,
bk0011296,au0010114,Primary,
bk0011296,au0010200,Secondary,
bk0011297,au0010114,Primary,
bk0011297,au0010200,Secondary,
bk0011298,au0010125,Primary,
bk0011299,au0001180,Primary,
bk0011299,au0010133,Secondary,
bk0011300,au0010090,Primary,
bk0011301,au0010090,Primary,
bk0011302,au0010090,Primary,
bk0011303,au0010090,Primary,
bk0011304,au0010090,Primary,
bk0011305,au0010090,Primary,
bk0011306,au0010090,Primary,
bk0011307,au0010090,Primary,
bk0011308,au0010078,Primary,
bk0011309,au0010078,Primary,
bk0011310,au0010078,Primary,
bk0011311,au0010078,Primary,
bk0011312,au0010078,Primary,
bk0011313,au0010078,Primary,
bk0011314,au0010078,Primary,
bk0011315,au0010078,Primary,
bk0011316,au0010078,Primary,
bk0011317,au0010078,Primary,
bk0011318,au0010078,Primary,
bk0011319,au0010078,Primary,
bk0011320,au0010165,Primary,
bk0011320,au0010187,Translator,
bk0011321,au0010165,Primary,
bk0011321,au0010187,Translator,
bk0011322,au0010165,Primary,
bk0011322,au0010187,Translator,
bk0011323,au0001180,Primary,
bk0011323,au0010210,Translator,
bk0011324,au0010052,Primary,
bk0011325,au0010107,Primary,
bk0011326,au0000659,Primary,
bk0011327,au0010039,Primary,
bk0011327,au0010179,Secondary,
bk0011328,au0010170,Primary,
bk0011329,,,
bk0011330,,,
bk0011331,,,
bk0011332,,,
bk0011333,,,
bk0011334,au0010041,Primary,
bk0011334,au0010243,Secondary,
bk0011335,au0010041,Primary,
bk0011335,au0010243,Secondary,
bk0011336,au0010041,Primary,
bk0011336,au0010243,Secondary,
bk0011337,au0010041,Primary,
bk0011337,au0010243,Secondary,
bk0011338,au0010105,Primary,
bk0011339,au0010106,Primary,
bk0011340,au0010196,Editor,
bk0011340,au0001089,Primary,
bk0011340,au0010188,Secondary,
bk0011341,,,
bk0011342,,,
bk0011343,,,
bk0011344,,,
bk0011345,,,
bk0011346,au0010113,Primary,
bk0011347,,,
bk0011348,,,
bk0011349,au0002228,Primary,
bk0011350,au0002228,Primary,
bk0011351,,,
bk0011352,,,
bk0011353,,,
bk0011354,,,
bk0011355,au0010047,Primary,
bk0011356,au0010047,Primary,
bk0011357,au0010047,Primary,
bk0011358,au0010149,Primary,
bk0011359,au0010077,Primary,
bk0011359,au0000471,Secondary,
bk0011360,au0001616,Primary,
bk0011361,au0002169,Primary,
bk0011362,au0010149,Primary,
bk0011363,,,
bk0011364,au0010012,Primary,
bk0011365,au0000126,Primary,
bk0011366,au0000126,Primary,
bk0011367,,,
bk0011368,au0001542,Primary,
bk0011369,au0001542,Primary,
bk0011370,au0001542,Primary,
bk0011371,au0001542,Primary,
bk0011372,au0001542,Primary,
bk0011373,,,
bk0011374,,,
bk0011375,,,
bk0011376,,,
bk0011377,,,
bk0011378,,,
bk0011379,au0001272,Primary,
bk0011379,au0001944,Primary,
bk0011379,au0010083,Primary,
bk0011380,au0010093,Primary,
bk0011380,au0010246,Secondary,
bk0011380,au0010247,Editor,
bk0011381,au0000002,Primary,
bk0011381,au0010201,Secondary,
bk0011382,au0000002,Primary,
bk0011382,au0010201,Secondary,
bk0011383,au0000002,Primary,
bk0011383,au0010096,Secondary,
bk0011384,au0000002,Primary,
bk0011384,au0010096,Secondary,
bk0011385,,,
bk0011386,,,
bk0011387,,,
bk0011388,,,
bk0011389,,,
bk0011390,,,
bk0011391,,,
bk0011392,,,
bk0011393,au0010033,Primary,
bk0011394,,,
bk0011395,,,
bk0011396,,,
bk0011397,,,
bk0011398,,,
bk0011399,,,
bk0011400,,,
bk0011401,,,
bk0011402,au0010232,Primary,
bk0011403,au0000377,Primary,
bk0011403,au0010205,Secondary,
bk0011404,au0000463,Primary,
bk0011405,au0010042,Primary,
bk0011405,au0010042,Secondary,
bk0011406,au0000708,Primary,
bk0011407,au0000108,Primary,
bk0011408,au0010216,Editor,
bk0011408,au0010050,Primary,
bk0011409,au0000377,Primary,
bk0011410,au0010192,Editor,
bk0011410,au0000108,Primary,
bk0011411,au0010192,Editor,
bk0011411,au0000108,Primary,
bk0011412,au0001727,Primary,
bk0011413,au0001727,Primary,
bk0011414,au0001727,Primary,
bk0011415,au0010145,Primary,
bk0011416,au0010008,Primary,
bk0011417,au0010081,Primary,
bk0011418,,,
bk0011419,,,
bk0011420,,,
bk0011421,,,
bk0011422,,,
bk0011423,,,
bk0011424,,,
bk0011425,,,
bk0011426,,,
bk0011427,,,
bk0011428,,,
bk0011429,,,
bk0011430,,,
bk0011431,,,
bk0011432,,,
bk0011433,,,
bk0011434,,,
bk0011435,,,
bk0011436,,,
bk0011437,,,
bk0011438,,,
bk0011439,au0002111,Primary,
bk0011440,au0002038,Primary,
bk0011440,au0002111,Primary,
bk0011440,au0001974,Primary,
bk0011440,au0002208,Primary,
bk0011441,au0002038,Primary,
bk0011441,au0002111,Primary,
bk0011441,au0001974,Primary,
bk0011441,au0002208,Primary,
bk0011442,,,
bk0011443,,,
bk0011444,au0010160,Primary,
bk0011445,,,
bk0011446,,,
bk0011447,au0010016,Primary,
bk0011447,au0001621,Secondary,
bk0011448,au0000027,Primary,
bk0011449,au0010233,Primary,
bk0011449,au0000279,Secondary,
bk0011450,au0002103,Primary,
bk0011451,au0002103,Primary,
bk0011452,au0002103,Primary,
bk0011453,,,
bk0011454,au0010088,Primary,
bk0011455,,,
bk0011456,,,
bk0011457,,,
bk0011458,,,
bk0011459,au0010015,Primary,
bk0011460,au0010015,Primary,
bk0011461,,,
bk0011462,,,
bk0011463,au0010126,Primary,
bk0011464,au0010152,Primary,
bk0011465,,,
bk0011466,,,
bk0011467,,,
bk0011468,,,
bk0011469,,,
bk0011470,au0010082,Primary,
bk0011471,au0010082,Primary,
bk0011472,au0010082,Primary,
bk0011473,au0010082,Primary,
bk0011474,au0010082,Primary,
bk0011475,au0010082,Primary,
bk0011476,au0010082,Primary,
bk0011477,au0010082,Primary,
bk0011478,au0010082,Primary,
bk0011479,au0000056,Primary,
bk0011480,au0000056,Primary,
bk0011481,au0000056,Primary,
bk0011482,au0000056,Primary,
bk0011483,au0000056,Primary,
bk0011484,au0000056,Primary,
bk0011485,au0000056,Primary,
bk0011486,,,
bk0011487,au0001151,Primary,
bk0011488,au0001151,Primary,
bk0011489,au0001151,Primary,
bk0011490,au0001151,Primary,
bk0011491,au0001151,Primary,
bk0011492,au0001151,Primary,
bk0011493,,,
bk0011494,,,
bk0011495,,,
bk0011496,,,
bk0011497,,,
bk0011498,,,
bk0011499,,,
bk0011500,,,
bk0011501,,,
bk0011502,,,
bk0011503,,,
bk0011504,,,
bk0011505,,,
bk0011506,,,
bk0011507,,,
bk0011508,,,
bk0011509,,,
bk0011510,,,
bk0011511,,,
bk0011512,,,
bk0011513,au0010191,Editor,
bk0011513,au0000702,Primary,
bk0011513,au0002015,Secondary,
bk0011514,au0010191,Editor,
bk0011514,au0000702,Primary,
bk0011514,au0002015,Secondary,
bk0011515,au0010191,Editor,
bk0011515,au0000702,Primary,
bk0011515,au0002015,Secondary,
bk0011516,au0010191,Editor,
bk0011516,au0000702,Primary,
bk0011516,au0002015,Secondary,
bk0011517,au0010191,Editor,
bk0011517,au0000702,Primary,
bk0011517,au0002015,Secondary,
bk0011518,au0010191,Editor,
bk0011518,au0000702,Primary,
bk0011518,au0002015,Secondary,
bk0011519,au0010191,Editor,
bk0011519,au0000702,Primary,
bk0011519,au0002015,Secondary,
bk0011520,,,
bk0011521,au0010133,Primary,
bk0011522,au0010133,Primary,
bk0011523,au0000711,Primary,
bk0011524,au0010177,Primary,
bk0011524,au0010213,Secondary,
bk0011525,au0010156,Primary,
bk0011526,au0010112,Primary,
bk0011527,au0000238,Primary,
bk0011528,,,
bk0011529,au0010098,Primary,
bk0011530,au0010098,Primary,
bk0011531,au0010100,Primary,
bk0011532,au0010100,Primary,
bk0011533,au0010117,Primary,
bk0011534,au0010117,Primary,
bk0011535,au0010024,Primary,
bk0011536,au0010034,Primary,
bk0011537,au0010234,Primary,
bk0011538,au0010234,Primary,
bk0011539,,,
bk0011540,,,
bk0011541,au0010155,Primary,
bk0011542,au0010155,Primary,
bk0011543,au0010155,Primary,
bk0011544,au0010152,Primary,
bk0011545,,,
bk0011546,,,
bk0011547,au0010062,Primary,
bk0011548,,,
bk0011549,,,
bk0011550,,,
bk0011551,,,
bk0011552,,,
bk0011553,au0010013,Primary,
bk0011554,au0010013,Primary,
bk0011555,au0010013,Primary,
bk0011556,au0010013,Primary,
bk0011557,au0010235,Primary,
bk0011558,,,
bk0011559,,,
bk0011560,au0010030,Primary,
bk0011561,au0010030,Primary,
bk0011562,au0010236,Primary,
bk0011563,,,
bk0011564,au0010091,Primary,
bk0011565,au0000896,Primary,
bk0011566,,,
bk0011567,,,
bk0011568,,,
bk0011569,au0010122,Primary,
bk0011570,au0010150,Primary,
bk0011571,au0010150,Primary,
bk0011572,au0010135,Primary,
bk0011573,au0001149,Primary,
bk0011574,au0001149,Primary,
bk0011575,au0010237,Primary,
bk0011576,au0010097,Primary,
bk0011577,,,
bk0011578,,,
bk0011579,,,
bk0011580,au0010120,Primary,
bk0011581,au0010090,Primary,
bk0011582,,,
bk0011583,au0010139,Primary,
bk0011584,,,
bk0011585,au0010091,Primary,
bk0011586,au0010010,Primary,
bk0011587,au0010085,Primary,
bk0011588,au0001784,Primary,
bk0011589,au0001784,Primary,
bk0011590,,,
bk0011591,au0000523,Editor,
bk0011591,au0010104,Primary,
bk0011591,au0010209,Secondary,
bk0011592,,,
bk0011593,,,
bk0011594,,,
bk0011595,,,
bk0011596,,,
bk0011597,,,
bk0011598,,,
bk0011599,au0010015,Primary,
bk0011600,au0010015,Primary,
bk0011601,au0010015,Primary,
bk0011602,au0010015,Primary,
bk0011603,au0010027,Primary,
bk0011604,,,
bk0011605,au0010017,Primary,
bk0011606,,,
bk0011607,au0002038,Primary,
bk0011608,au0002038,Primary,
bk0011609,au0002038,Primary,
bk0011610,au0002038,Primary,
bk0011611,au0002038,Primary,
bk0011612,,,
bk0011613,,,
bk0011614,au0001180,Primary,
bk0011615,au0000203,Primary,
bk0011616,au0000203,Primary,
bk0011617,au0000002,Primary,
bk0011618,au0000002,Primary,
bk0011619,au0000203,Secondary,
bk0011620,au0002236,Primary,
bk0011621,au0010029,Primary,
bk0011622,au0010029,Primary,
bk0011623,,,
bk0011624,,,
bk0011625,au0010021,Primary,
bk0011626,au0010022,Primary,
bk0011627,au0010029,Primary,
bk0011628,au0010163,Primary,
bk0011629,au0010068,Primary,
bk0011629,au0010022,Editor,
bk0011630,au0010084,Primary,
bk0011631,au0010087,Primary,
bk0011632,au0010088,Primary,
bk0011633,au0010082,Primary,
bk0011634,au0000859,Primary,
bk0011634,au0010180,Translator,
bk0011635,au0010238,Primary,
bk0011636,au0010161,Primary,
bk0011637,au0001078,Primary,
bk0011638,,,
bk0011639,,,
bk0011640,au0010181,Editor,
bk0011640,au0010066,Primary,
bk0011641,au0010181,Editor,
bk0011641,au0010066,Primary,
bk0011642,au0010181,Editor,
bk0011642,au0010066,Primary,
bk0011643,au0010181,Editor,
bk0011643,au0010066,Primary,
bk0011643,au0000658,Secondary,
bk0011644,au0010181,Editor,
bk0011644,au0010066,Primary,
bk0011644,au0000658,Secondary,
bk0011645,au0010181,Editor,
bk0011645,au0010066,Primary,
bk0011646,,,
bk0011647,au0010159,Primary,
bk0011648,,,
bk0011649,au0000896,Primary,
bk0011650,au0000896,Primary,
bk0011651,au0002272,Editor,
bk0011651,au0000896,Primary,
bk0011652,au0001907,Primary,
bk0011653,au0010108,Primary,
bk0011654,au0010005,Primary,
bk0011655,au0010166,Primary,
bk0011656,au0002111,Primary,
bk0011657,au0002111,Primary,
bk0011658,au0002111,Primary,
bk0011659,,,
bk0011660,,,
bk0011661,,,
bk0011662,au0002038,Primary,
bk0011662,au0010194,Translator,
bk0011663,au0010165,Primary,
bk0011663,au0010187,Translator,
bk0011664,,,
bk0011665,au0010093,Primary,
bk0011666,au0010051,Primary,
bk0011667,au0010003,Primary,
bk0011668,au0010003,Primary,
bk0011669,au0010182,Editor,
bk0011669,au0010044,Primary,
bk0011670,au0010182,Editor,
bk0011670,au0010044,Primary,
bk0011671,au0010144,Primary,
bk0011671,au0010242,Secondary,
bk0011672,au0010096,Primary,
bk0011673,au0010020,Primary,
bk0011674,au0010245,Primary,
bk0011675,au0010095,Primary,
bk0011676,,,
bk0011677,au0010061,Primary,
bk0011678,au0010014,Primary,
bk0011679,au0010014,Primary,
bk0011680,,,
bk0011681,au0010239,Primary,
bk0011682,au0010126,Primary,
bk0011683,,,
bk0011684,,,
bk0011685,,,
bk0011686,,,
bk0011687,au0010240,Primary,
bk0011688,,,
bk0011689,,,
bk0011690,,,
bk0011691,,,
bk0011692,,,
bk0011693,au0010057,Primary,
bk0011694,au0010057,Primary,
bk0011695,au0010057,Primary,
bk0011696,,,
bk0011697,au0010115,Primary,
bk0011697,au0010252,Secondary,
bk0011698,au0010115,Primary,
bk0011698,au0010252,Secondary,
bk0011699,au0010115,Primary,
bk0011699,au0010252,Secondary,
bk0011700,au0010108,Primary,
bk0011701,au0010101,Primary,
bk0011702,au0010101,Primary,
bk0011703,au0010101,Primary,
bk0011704,au0010101,Primary,
bk0011705,au0010101,Primary,
bk0011706,au0010101,Primary,
bk0011707,au0010101,Primary,
bk0011708,au0010101,Primary,
bk0011708,au0010248,Secondary,
bk0011709,au0010101,Primary,
bk0011710,au0010101,Primary,
bk0011711,au0010101,Primary,
bk0011712,au0010101,Primary,
bk0011713,au0010101,Primary,
bk0011714,au0010101,Primary,
bk0011715,au0010101,Primary,
bk0011716,au0010101,Primary,
bk0011717,au0010101,Primary,
bk0011718,au0010101,Primary,
bk0011719,au0010101,Primary,
bk0011720,au0010101,Primary,
bk0011721,au0010119,Primary,
bk0011722,au0001901,Primary,
bk0011723,au0001901,Primary,
bk0011724,au0000754,Primary,
bk0011725,au0010035,Primary,
bk0011726,au0010035,Primary,
bk0011727,au0010035,Primary,
bk0011728,au0010035,Primary,
bk0011729,au0010035,Primary,
bk0011730,au0010035,Primary,
bk0011731,au0010055,Primary,
bk0011732,au0010083,Primary,
bk0011733,au0010092,Primary,
bk0011734,au0010092,Primary,
bk0011735,au0010127,Primary,
bk0011736,au0010128,Primary,
bk0011737,au0010129,Primary,
bk0011738,au0010129,Primary,
bk0011739,au0010140,Primary,
bk0011740,au0010141,Primary,
bk0011741,au0010142,Primary,
bk0011742,au0000841,Primary,
bk0011742,au0001969,Translator,
bk0011743,au0010172,Primary,
bk0011744,au0010173,Primary,
bk0011745,au0010174,Primary,
bk0011746,au0010175,Primary,
bk0011747,au0010175,Primary,
bk0011748,au0010176,Primary,
bk0011749,,,
